created_at,tweet,likes,retweet_count
2024-03-24,Modi met with industry leaders to discuss growth.,3943,342
2024-03-31,Modi criticized for slow progress in rural development.,1529,580
2024-03-06,Protests continue as people demand changes from Modi.,4281,507
2024-03-05,Modi talks about making India self-reliant and people are hopeful.,4841,578
2024-03-14,People believe Modi is transforming India’s global image.,658,222
2024-03-01,Modi criticized for slow progress in rural development.,1900,397
2024-03-29,Modi met with industry leaders to discuss growth.,4869,189
2024-03-08,Citizens praise Modi for strong leadership and vision.,1190,841
2024-03-30,Critics say Modi is not addressing unemployment issues properly.,395,777
2024-03-07,Modi criticized for slow progress in rural development.,2520,386
2024-03-11,Discussions about Modi continue across the nation.,2842,377
2024-03-12,Modi delivered an inspiring speech about India's growth and unity.,4884,439
2024-03-09,Social media debates continue over Modi’s strategies.,3359,908
2024-03-22,Modi faces backlash over recent economic policies.,2350,965
2024-03-14,Modi met with industry leaders to discuss growth.,4666,838
2024-03-26,Opposition questions Modi’s silence on key social matters.,3960,149
2024-03-17,Protests continue as people demand changes from Modi.,226,426
2024-03-15,Opposition questions Modi’s silence on key social matters.,3217,814
2024-03-17,Social media debates continue over Modi’s strategies.,4266,536
2024-03-12,Social media debates continue over Modi’s strategies.,4756,15
2024-03-21,Modi met with industry leaders to discuss growth.,4231,196
2024-03-28,Discussions about Modi continue across the nation.,1355,925
2024-03-08,People believe Modi is transforming India’s global image.,2623,168
2024-03-06,Modi’s rally drew massive crowds showing huge support.,374,552
2024-03-30,Modi talks about making India self-reliant and people are hopeful.,3477,165
2024-03-02,Modi’s rally drew massive crowds showing huge support.,1662,780
2024-03-07,Modi attended a public event today in Delhi.,2660,903
2024-03-11,Modi met with industry leaders to discuss growth.,3345,29
2024-03-29,Modi met with industry leaders to discuss growth.,1839,988
2024-03-20,People believe Modi is transforming India’s global image.,1306,62
2024-03-13,Modi delivered an inspiring speech about India's growth and unity.,105,452
2024-03-01,Modi talks about making India self-reliant and people are hopeful.,1548,726
2024-03-26,Discussions about Modi continue across the nation.,3356,738
2024-03-06,Opposition questions Modi’s silence on key social matters.,2583,5
2024-03-20,Modi faces backlash over recent economic policies.,4312,287
2024-03-20,Modi talks about making India self-reliant and people are hopeful.,3429,231
2024-03-07,Citizens praise Modi for strong leadership and vision.,3324,936
2024-03-23,Critics say Modi is not addressing unemployment issues properly.,2691,872
2024-03-09,Media covered Modi’s new policy announcement.,2372,285
2024-03-16,Protests continue as people demand changes from Modi.,1414,125
2024-03-31,Modi’s rally drew massive crowds showing huge support.,4881,558
2024-03-25,Opposition questions Modi’s silence on key social matters.,2282,225
2024-03-31,Media covered Modi’s new policy announcement.,3333,478
2024-03-15,People believe Modi is transforming India’s global image.,4852,738
2024-03-02,Modi talks about making India self-reliant and people are hopeful.,1740,774
2024-03-11,Modi’s rally drew massive crowds showing huge support.,2040,202
2024-03-21,Modi delivered an inspiring speech about India's growth and unity.,3025,675
2024-03-21,Modi’s rally drew massive crowds showing huge support.,2093,8
2024-03-13,Media covered Modi’s new policy announcement.,4565,596
2024-03-16,Protests continue as people demand changes from Modi.,2215,748
2024-03-02,Modi criticized for slow progress in rural development.,362,90
2024-03-29,Modi’s rally drew massive crowds showing huge support.,4298,863
2024-03-11,Modi attended a public event today in Delhi.,2897,581
2024-03-02,Critics say Modi is not addressing unemployment issues properly.,3647,608
2024-03-03,Modi faces backlash over recent economic policies.,4672,311
2024-03-13,People believe Modi is transforming India’s global image.,4748,342
2024-03-25,Modi’s rally drew massive crowds showing huge support.,2084,34
2024-03-31,Modi faces backlash over recent economic policies.,1256,467
2024-03-25,Critics say Modi is not addressing unemployment issues properly.,3727,520
2024-03-30,Modi attended a public event today in Delhi.,1686,39
2024-03-17,Modi faces backlash over recent economic policies.,506,169
2024-03-07,Modi talks about making India self-reliant and people are hopeful.,2487,341
2024-03-22,Modi criticized for slow progress in rural development.,2896,765
2024-03-26,Modi’s rally drew massive crowds showing huge support.,779,368
2024-03-03,Modi criticized for slow progress in rural development.,4691,123
2024-03-03,People believe Modi is transforming India’s global image.,210,207
2024-03-27,Protests continue as people demand changes from Modi.,3647,918
2024-03-07,Citizens praise Modi for strong leadership and vision.,194,461
2024-03-25,Modi delivered an inspiring speech about India's growth and unity.,4843,926
2024-03-10,Modi criticized for slow progress in rural development.,4061,2
2024-03-31,People believe Modi is transforming India’s global image.,3131,285
2024-03-19,Modi criticized for slow progress in rural development.,825,222
2024-03-17,Modi talks about making India self-reliant and people are hopeful.,1992,572
2024-03-09,Citizens praise Modi for strong leadership and vision.,2143,904
2024-03-20,Citizens praise Modi for strong leadership and vision.,1930,323
2024-03-24,Modi’s rally drew massive crowds showing huge support.,4834,25
2024-03-16,Protests continue as people demand changes from Modi.,2312,933
2024-03-25,Modi met with industry leaders to discuss growth.,1873,763
2024-03-20,Modi talks about making India self-reliant and people are hopeful.,3734,489
2024-03-20,Modi attended a public event today in Delhi.,4617,431
2024-03-18,Modi attended a public event today in Delhi.,4735,533
2024-03-27,Media covered Modi’s new policy announcement.,2605,747
2024-03-18,Modi’s rally drew massive crowds showing huge support.,3815,890
2024-03-04,Social media debates continue over Modi’s strategies.,4813,48
2024-03-09,Discussions about Modi continue across the nation.,859,16
2024-03-16,Opposition questions Modi’s silence on key social matters.,151,316
2024-03-09,Critics say Modi is not addressing unemployment issues properly.,2487,53
2024-03-09,Citizens praise Modi for strong leadership and vision.,1819,926
2024-03-19,Discussions about Modi continue across the nation.,797,526
2024-03-04,Citizens praise Modi for strong leadership and vision.,3119,910
2024-03-10,Protests continue as people demand changes from Modi.,1799,111
2024-03-04,Social media debates continue over Modi’s strategies.,3203,273
2024-03-20,Critics say Modi is not addressing unemployment issues properly.,3266,299
2024-03-23,Social media debates continue over Modi’s strategies.,3479,178
2024-03-24,Modi delivered an inspiring speech about India's growth and unity.,1116,335
2024-03-12,Protests continue as people demand changes from Modi.,4468,209
2024-03-12,Critics say Modi is not addressing unemployment issues properly.,2601,168
2024-03-19,Modi delivered an inspiring speech about India's growth and unity.,2077,782
2024-03-25,Modi faces backlash over recent economic policies.,2031,617
2024-03-19,People believe Modi is transforming India’s global image.,4095,551
2024-03-10,Modi’s rally drew massive crowds showing huge support.,652,211
2024-03-12,Citizens praise Modi for strong leadership and vision.,299,385
2024-03-18,Modi delivered an inspiring speech about India's growth and unity.,154,537
2024-03-05,Social media debates continue over Modi’s strategies.,4104,350
2024-03-13,Modi delivered an inspiring speech about India's growth and unity.,4029,523
2024-03-16,Modi faces backlash over recent economic policies.,3922,16
2024-03-18,People believe Modi is transforming India’s global image.,2839,139
2024-03-06,Modi faces backlash over recent economic policies.,530,576
2024-03-13,Critics say Modi is not addressing unemployment issues properly.,1170,584
2024-03-21,Citizens praise Modi for strong leadership and vision.,814,238
2024-03-09,People believe Modi is transforming India’s global image.,3457,529
2024-03-22,Modi faces backlash over recent economic policies.,4961,203
2024-03-29,People believe Modi is transforming India’s global image.,2746,808
2024-03-11,Modi talks about making India self-reliant and people are hopeful.,3622,515
2024-03-25,Modi attended a public event today in Delhi.,4812,514
2024-03-01,Modi faces backlash over recent economic policies.,3431,416
2024-03-31,Citizens praise Modi for strong leadership and vision.,4452,263
2024-03-21,Modi’s rally drew massive crowds showing huge support.,1151,164
2024-03-09,Social media debates continue over Modi’s strategies.,4718,401
2024-03-05,Citizens praise Modi for strong leadership and vision.,330,28
2024-03-08,Protests continue as people demand changes from Modi.,2862,567
2024-03-17,People believe Modi is transforming India’s global image.,1519,127
2024-03-28,Modi delivered an inspiring speech about India's growth and unity.,3357,675
2024-03-03,Citizens praise Modi for strong leadership and vision.,3420,170
2024-03-29,Citizens praise Modi for strong leadership and vision.,611,478
2024-03-04,Modi talks about making India self-reliant and people are hopeful.,454,424
2024-03-26,Modi talks about making India self-reliant and people are hopeful.,4584,67
2024-03-02,Citizens praise Modi for strong leadership and vision.,2167,266
2024-03-20,People believe Modi is transforming India’s global image.,1510,806
2024-03-07,People believe Modi is transforming India’s global image.,101,385
2024-03-03,Social media debates continue over Modi’s strategies.,4868,911
2024-03-14,Modi delivered an inspiring speech about India's growth and unity.,2508,649
2024-03-13,Critics say Modi is not addressing unemployment issues properly.,2376,486
2024-03-20,Citizens praise Modi for strong leadership and vision.,3508,296
2024-03-23,Protests continue as people demand changes from Modi.,3861,119
2024-03-22,People believe Modi is transforming India’s global image.,3857,177
2024-03-17,Modi talks about making India self-reliant and people are hopeful.,4779,80
2024-03-15,Modi met with industry leaders to discuss growth.,1319,253
2024-03-24,Modi’s rally drew massive crowds showing huge support.,4568,680
2024-03-12,People believe Modi is transforming India’s global image.,4017,211
2024-03-15,People believe Modi is transforming India’s global image.,2532,124
2024-03-23,Modi criticized for slow progress in rural development.,2176,698
2024-03-08,Modi delivered an inspiring speech about India's growth and unity.,2927,614
2024-03-14,Social media debates continue over Modi’s strategies.,4196,391
2024-03-15,Citizens praise Modi for strong leadership and vision.,3118,445
2024-03-25,Citizens praise Modi for strong leadership and vision.,3009,50
2024-03-04,Modi met with industry leaders to discuss growth.,2512,807
2024-03-09,Social media debates continue over Modi’s strategies.,4741,624
2024-03-29,Modi criticized for slow progress in rural development.,1280,862
2024-03-19,Modi delivered an inspiring speech about India's growth and unity.,4240,799
2024-03-29,Modi talks about making India self-reliant and people are hopeful.,905,820
2024-03-28,Modi delivered an inspiring speech about India's growth and unity.,4999,351
2024-03-10,People believe Modi is transforming India’s global image.,328,284
2024-03-12,Social media debates continue over Modi’s strategies.,1413,344
2024-03-03,People believe Modi is transforming India’s global image.,2894,331
2024-03-03,Critics say Modi is not addressing unemployment issues properly.,3919,935
2024-03-23,Media covered Modi’s new policy announcement.,1421,275
2024-03-13,Citizens praise Modi for strong leadership and vision.,1822,328
2024-03-02,Opposition questions Modi’s silence on key social matters.,2918,61
2024-03-10,Citizens praise Modi for strong leadership and vision.,4516,985
2024-03-21,Modi met with industry leaders to discuss growth.,3681,802
2024-03-28,People believe Modi is transforming India’s global image.,2001,112
2024-03-10,Critics say Modi is not addressing unemployment issues properly.,1351,14
2024-03-20,Media covered Modi’s new policy announcement.,3499,773
2024-03-26,Citizens praise Modi for strong leadership and vision.,921,140
2024-03-03,Modi criticized for slow progress in rural development.,2000,947
2024-03-04,Modi criticized for slow progress in rural development.,619,525
2024-03-30,Citizens praise Modi for strong leadership and vision.,3523,227
2024-03-03,Modi’s rally drew massive crowds showing huge support.,524,557
2024-03-16,Critics say Modi is not addressing unemployment issues properly.,3675,835
2024-03-28,People believe Modi is transforming India’s global image.,2342,950
2024-03-11,Modi delivered an inspiring speech about India's growth and unity.,4840,736
2024-03-27,Opposition questions Modi’s silence on key social matters.,4123,148
2024-03-22,Opposition questions Modi’s silence on key social matters.,877,423
2024-03-28,Modi delivered an inspiring speech about India's growth and unity.,4446,907
2024-03-29,Social media debates continue over Modi’s strategies.,4766,826
2024-03-28,Modi attended a public event today in Delhi.,3696,203
2024-03-02,Opposition questions Modi’s silence on key social matters.,4831,301
2024-03-04,Critics say Modi is not addressing unemployment issues properly.,313,52
2024-03-19,Modi met with industry leaders to discuss growth.,3119,445
2024-03-01,Modi met with industry leaders to discuss growth.,3769,973
2024-03-04,Modi met with industry leaders to discuss growth.,4757,864
2024-03-03,Modi delivered an inspiring speech about India's growth and unity.,507,189
2024-03-25,Citizens praise Modi for strong leadership and vision.,3908,573
2024-03-23,Discussions about Modi continue across the nation.,3168,839
2024-03-19,Modi’s rally drew massive crowds showing huge support.,220,196
2024-03-25,Protests continue as people demand changes from Modi.,2423,421
2024-03-23,People believe Modi is transforming India’s global image.,2322,92
2024-03-09,Media covered Modi’s new policy announcement.,2737,809
2024-03-17,Discussions about Modi continue across the nation.,1649,268
2024-03-11,Modi attended a public event today in Delhi.,3112,981
2024-03-09,Modi met with industry leaders to discuss growth.,3336,682
2024-03-05,Discussions about Modi continue across the nation.,1601,75
2024-03-21,Citizens praise Modi for strong leadership and vision.,3108,418
2024-03-19,Modi delivered an inspiring speech about India's growth and unity.,2503,947
2024-03-18,Media covered Modi’s new policy announcement.,4778,442
2024-03-05,Citizens praise Modi for strong leadership and vision.,34,259
2024-03-29,Opposition questions Modi’s silence on key social matters.,1823,623
2024-03-31,Modi faces backlash over recent economic policies.,460,931
2024-03-23,Modi met with industry leaders to discuss growth.,3791,750
2024-03-22,Modi delivered an inspiring speech about India's growth and unity.,142,195
2024-03-13,Modi met with industry leaders to discuss growth.,1269,397
2024-03-22,Opposition questions Modi’s silence on key social matters.,3430,882
2024-03-31,Citizens praise Modi for strong leadership and vision.,4840,172
2024-03-21,Media covered Modi’s new policy announcement.,3462,782
2024-03-24,Opposition questions Modi’s silence on key social matters.,451,206
2024-03-31,Discussions about Modi continue across the nation.,2799,377
2024-03-26,Modi met with industry leaders to discuss growth.,2045,218
2024-03-05,Modi criticized for slow progress in rural development.,4391,103
2024-03-03,Modi talks about making India self-reliant and people are hopeful.,3220,95
2024-03-07,Modi criticized for slow progress in rural development.,1331,977
2024-03-14,Modi faces backlash over recent economic policies.,785,124
2024-03-04,Modi’s rally drew massive crowds showing huge support.,358,110
2024-03-11,Opposition questions Modi’s silence on key social matters.,4045,732
2024-03-08,Modi faces backlash over recent economic policies.,548,295
2024-03-12,Opposition questions Modi’s silence on key social matters.,2748,15
2024-03-11,People believe Modi is transforming India’s global image.,357,697
2024-03-15,Modi attended a public event today in Delhi.,2020,63
2024-03-09,Discussions about Modi continue across the nation.,4830,242
2024-03-24,Modi talks about making India self-reliant and people are hopeful.,1072,407
2024-03-21,Citizens praise Modi for strong leadership and vision.,655,923
2024-03-21,Social media debates continue over Modi’s strategies.,1027,696
2024-03-29,Modi delivered an inspiring speech about India's growth and unity.,530,54
2024-03-22,Modi’s rally drew massive crowds showing huge support.,1452,470
2024-03-20,Citizens praise Modi for strong leadership and vision.,4879,939
2024-03-18,Protests continue as people demand changes from Modi.,3582,979
2024-03-13,Media covered Modi’s new policy announcement.,2155,480
2024-03-23,Modi talks about making India self-reliant and people are hopeful.,4893,354
2024-03-29,Modi attended a public event today in Delhi.,786,700
2024-03-08,Citizens praise Modi for strong leadership and vision.,442,234
2024-03-27,Modi faces backlash over recent economic policies.,4207,400
2024-03-29,Modi met with industry leaders to discuss growth.,2105,147
2024-03-14,Modi delivered an inspiring speech about India's growth and unity.,442,785
2024-03-18,Modi delivered an inspiring speech about India's growth and unity.,1369,187
2024-03-28,Modi talks about making India self-reliant and people are hopeful.,2823,296
2024-03-05,People believe Modi is transforming India’s global image.,2690,986
2024-03-03,Modi delivered an inspiring speech about India's growth and unity.,4176,438
2024-03-16,Modi talks about making India self-reliant and people are hopeful.,2758,584
2024-03-20,Media covered Modi’s new policy announcement.,1061,364
2024-03-17,Social media debates continue over Modi’s strategies.,332,86
2024-03-31,Protests continue as people demand changes from Modi.,249,764
2024-03-10,Modi delivered an inspiring speech about India's growth and unity.,2842,762
2024-03-12,Critics say Modi is not addressing unemployment issues properly.,1379,57
2024-03-22,Critics say Modi is not addressing unemployment issues properly.,484,421
2024-03-08,Modi delivered an inspiring speech about India's growth and unity.,4783,870
2024-03-04,Modi delivered an inspiring speech about India's growth and unity.,2546,190
2024-03-21,People believe Modi is transforming India’s global image.,1072,976
2024-03-16,Modi faces backlash over recent economic policies.,3713,548
2024-03-11,Modi’s rally drew massive crowds showing huge support.,3904,166
2024-03-23,Media covered Modi’s new policy announcement.,1514,61
2024-03-21,Modi’s rally drew massive crowds showing huge support.,4603,933
2024-03-15,Modi faces backlash over recent economic policies.,469,981
2024-03-30,Modi met with industry leaders to discuss growth.,3258,528
2024-03-14,Media covered Modi’s new policy announcement.,2475,251
2024-03-15,Modi attended a public event today in Delhi.,2481,179
2024-03-15,Modi criticized for slow progress in rural development.,1846,908
2024-03-16,Discussions about Modi continue across the nation.,2590,4
2024-03-07,Discussions about Modi continue across the nation.,1174,94
2024-03-23,Modi talks about making India self-reliant and people are hopeful.,24,377
2024-03-27,Modi faces backlash over recent economic policies.,1573,118
2024-03-07,Social media debates continue over Modi’s strategies.,3267,113
2024-03-22,Modi criticized for slow progress in rural development.,4099,686
2024-03-14,Modi criticized for slow progress in rural development.,2058,466
2024-03-14,Modi talks about making India self-reliant and people are hopeful.,2580,493
2024-03-27,Modi criticized for slow progress in rural development.,1569,570
2024-03-09,Citizens praise Modi for strong leadership and vision.,1666,807
2024-03-17,Discussions about Modi continue across the nation.,3598,743
2024-03-25,Citizens praise Modi for strong leadership and vision.,3769,253
2024-03-26,Social media debates continue over Modi’s strategies.,1676,790
2024-03-06,Modi attended a public event today in Delhi.,1932,672
2024-03-09,Modi attended a public event today in Delhi.,2604,368
2024-03-08,Opposition questions Modi’s silence on key social matters.,473,951
2024-03-23,Modi’s rally drew massive crowds showing huge support.,1942,3
2024-03-04,Modi attended a public event today in Delhi.,2836,973
2024-03-09,Modi talks about making India self-reliant and people are hopeful.,2191,632
2024-03-08,Modi attended a public event today in Delhi.,4351,683
2024-03-04,Modi attended a public event today in Delhi.,3157,210
2024-03-25,Modi met with industry leaders to discuss growth.,76,780
2024-03-06,Discussions about Modi continue across the nation.,2513,612
2024-03-03,Modi delivered an inspiring speech about India's growth and unity.,1485,43
2024-03-06,Modi talks about making India self-reliant and people are hopeful.,4595,37
2024-03-03,Media covered Modi’s new policy announcement.,1069,839
2024-03-07,Citizens praise Modi for strong leadership and vision.,4945,676
2024-03-10,Modi’s rally drew massive crowds showing huge support.,520,772
2024-03-20,Discussions about Modi continue across the nation.,2407,882
2024-03-01,Critics say Modi is not addressing unemployment issues properly.,807,331
2024-03-01,Social media debates continue over Modi’s strategies.,3755,309
2024-03-24,Citizens praise Modi for strong leadership and vision.,3832,130
2024-03-19,People believe Modi is transforming India’s global image.,4214,395
2024-03-26,Protests continue as people demand changes from Modi.,1829,648
2024-03-13,People believe Modi is transforming India’s global image.,794,647
2024-03-09,Social media debates continue over Modi’s strategies.,1979,613
2024-03-20,Media covered Modi’s new policy announcement.,2699,993
2024-03-01,Modi talks about making India self-reliant and people are hopeful.,3802,688
2024-03-30,Modi met with industry leaders to discuss growth.,1714,633
2024-03-10,Opposition questions Modi’s silence on key social matters.,1399,447
2024-03-16,Citizens praise Modi for strong leadership and vision.,1849,598
2024-03-15,Citizens praise Modi for strong leadership and vision.,345,555
2024-03-14,Modi delivered an inspiring speech about India's growth and unity.,1524,48
2024-03-14,Critics say Modi is not addressing unemployment issues properly.,2764,88
2024-03-21,People believe Modi is transforming India’s global image.,3126,849
2024-03-11,Modi delivered an inspiring speech about India's growth and unity.,4666,680
2024-03-02,Opposition questions Modi’s silence on key social matters.,2409,399
2024-03-15,Media covered Modi’s new policy announcement.,1669,421
2024-03-21,Modi faces backlash over recent economic policies.,4415,420
2024-03-27,People believe Modi is transforming India’s global image.,3746,223
2024-03-06,Discussions about Modi continue across the nation.,1968,819
2024-03-01,Modi criticized for slow progress in rural development.,816,425
2024-03-29,Protests continue as people demand changes from Modi.,3473,94
2024-03-07,Opposition questions Modi’s silence on key social matters.,4533,488
2024-03-13,Modi criticized for slow progress in rural development.,4197,695
2024-03-30,Modi delivered an inspiring speech about India's growth and unity.,235,93
2024-03-20,Modi met with industry leaders to discuss growth.,2338,366
2024-03-29,Social media debates continue over Modi’s strategies.,3005,885
2024-03-19,Critics say Modi is not addressing unemployment issues properly.,725,648
2024-03-02,Modi delivered an inspiring speech about India's growth and unity.,4134,607
2024-03-03,Citizens praise Modi for strong leadership and vision.,1486,331
2024-03-03,People believe Modi is transforming India’s global image.,2863,118
2024-03-25,Modi attended a public event today in Delhi.,1089,355
2024-03-06,Modi met with industry leaders to discuss growth.,982,487
2024-03-01,People believe Modi is transforming India’s global image.,2815,99
2024-03-26,Citizens praise Modi for strong leadership and vision.,704,596
2024-03-20,Modi faces backlash over recent economic policies.,2040,283
2024-03-28,People believe Modi is transforming India’s global image.,4423,435
2024-03-19,Modi talks about making India self-reliant and people are hopeful.,4637,137
2024-03-09,Social media debates continue over Modi’s strategies.,1102,552
2024-03-04,Modi delivered an inspiring speech about India's growth and unity.,3536,853
2024-03-12,Social media debates continue over Modi’s strategies.,4219,573
2024-03-07,Modi delivered an inspiring speech about India's growth and unity.,2182,151
2024-03-07,Opposition questions Modi’s silence on key social matters.,3846,213
2024-03-02,Modi criticized for slow progress in rural development.,4733,624
2024-03-04,Critics say Modi is not addressing unemployment issues properly.,1440,139
2024-03-16,Modi criticized for slow progress in rural development.,1881,740
2024-03-07,Media covered Modi’s new policy announcement.,3625,942
2024-03-27,Modi attended a public event today in Delhi.,153,272
2024-03-09,Modi delivered an inspiring speech about India's growth and unity.,2593,653
2024-03-04,Modi met with industry leaders to discuss growth.,3449,548
2024-03-30,Critics say Modi is not addressing unemployment issues properly.,4546,995
2024-03-17,Discussions about Modi continue across the nation.,1819,13
2024-03-23,Modi talks about making India self-reliant and people are hopeful.,704,515
2024-03-12,Modi delivered an inspiring speech about India's growth and unity.,1545,777
2024-03-02,Modi met with industry leaders to discuss growth.,4828,474
2024-03-21,Modi talks about making India self-reliant and people are hopeful.,4028,205
2024-03-12,People believe Modi is transforming India’s global image.,409,987
2024-03-04,Social media debates continue over Modi’s strategies.,1404,109
2024-03-05,Media covered Modi’s new policy announcement.,3077,156
2024-03-05,Opposition questions Modi’s silence on key social matters.,4639,375
2024-03-18,Critics say Modi is not addressing unemployment issues properly.,290,637
2024-03-25,Media covered Modi’s new policy announcement.,4630,105
2024-03-31,Discussions about Modi continue across the nation.,3294,547
2024-03-21,Modi met with industry leaders to discuss growth.,2694,831
2024-03-01,Social media debates continue over Modi’s strategies.,198,354
2024-03-22,Media covered Modi’s new policy announcement.,3315,439
2024-03-26,Modi’s rally drew massive crowds showing huge support.,1733,428
2024-03-30,Modi’s rally drew massive crowds showing huge support.,476,614
2024-03-02,Social media debates continue over Modi’s strategies.,978,118
2024-03-14,Citizens praise Modi for strong leadership and vision.,3237,738
2024-03-24,Citizens praise Modi for strong leadership and vision.,968,107
2024-03-02,Citizens praise Modi for strong leadership and vision.,2143,126
2024-03-08,People believe Modi is transforming India’s global image.,3243,890
2024-03-18,Modi met with industry leaders to discuss growth.,499,134
2024-03-16,Citizens praise Modi for strong leadership and vision.,4910,542
2024-03-04,Critics say Modi is not addressing unemployment issues properly.,771,392
2024-03-14,Protests continue as people demand changes from Modi.,1153,372
2024-03-29,Modi’s rally drew massive crowds showing huge support.,2263,881
2024-03-17,Social media debates continue over Modi’s strategies.,941,984
2024-03-01,Opposition questions Modi’s silence on key social matters.,1322,418
2024-03-02,Modi delivered an inspiring speech about India's growth and unity.,1419,534
2024-03-29,People believe Modi is transforming India’s global image.,176,948
2024-03-24,Citizens praise Modi for strong leadership and vision.,4477,503
2024-03-22,People believe Modi is transforming India’s global image.,1961,520
2024-03-16,Modi met with industry leaders to discuss growth.,2580,879
2024-03-25,Modi met with industry leaders to discuss growth.,4230,890
2024-03-19,Modi’s rally drew massive crowds showing huge support.,3215,14
2024-03-02,Social media debates continue over Modi’s strategies.,42,289
2024-03-05,Media covered Modi’s new policy announcement.,4713,384
2024-03-23,Discussions about Modi continue across the nation.,2021,927
2024-03-20,Social media debates continue over Modi’s strategies.,430,661
2024-03-12,Modi talks about making India self-reliant and people are hopeful.,4501,837
2024-03-18,Modi faces backlash over recent economic policies.,1648,101
2024-03-22,Critics say Modi is not addressing unemployment issues properly.,80,809
2024-03-25,Modi’s rally drew massive crowds showing huge support.,3010,547
2024-03-08,Citizens praise Modi for strong leadership and vision.,1433,380
2024-03-15,Social media debates continue over Modi’s strategies.,1044,315
2024-03-21,Modi talks about making India self-reliant and people are hopeful.,2425,391
2024-03-24,Modi met with industry leaders to discuss growth.,2475,540
2024-03-26,Social media debates continue over Modi’s strategies.,3431,910
2024-03-01,Modi’s rally drew massive crowds showing huge support.,1211,640
2024-03-08,Modi delivered an inspiring speech about India's growth and unity.,651,918
2024-03-03,Modi faces backlash over recent economic policies.,2166,5
2024-03-27,Citizens praise Modi for strong leadership and vision.,3409,327
2024-03-09,Modi faces backlash over recent economic policies.,3669,632
2024-03-01,Modi faces backlash over recent economic policies.,3763,796
2024-03-22,Modi delivered an inspiring speech about India's growth and unity.,1850,321
2024-03-14,Protests continue as people demand changes from Modi.,3011,646
2024-03-03,Protests continue as people demand changes from Modi.,1256,164
2024-03-05,Modi’s rally drew massive crowds showing huge support.,3681,935
2024-03-24,Modi’s rally drew massive crowds showing huge support.,4831,585
2024-03-29,Media covered Modi’s new policy announcement.,1742,878
2024-03-24,Media covered Modi’s new policy announcement.,3661,952
2024-03-03,Citizens praise Modi for strong leadership and vision.,176,586
2024-03-21,People believe Modi is transforming India’s global image.,1811,642
2024-03-09,Modi talks about making India self-reliant and people are hopeful.,4447,871
2024-03-10,Modi’s rally drew massive crowds showing huge support.,862,268
2024-03-29,Modi faces backlash over recent economic policies.,2063,524
2024-03-03,People believe Modi is transforming India’s global image.,2534,1000
2024-03-07,Social media debates continue over Modi’s strategies.,4283,608
2024-03-04,People believe Modi is transforming India’s global image.,98,145
2024-03-28,Modi delivered an inspiring speech about India's growth and unity.,4356,67
2024-03-26,Media covered Modi’s new policy announcement.,4377,600
2024-03-24,Modi met with industry leaders to discuss growth.,296,40
2024-03-14,Modi attended a public event today in Delhi.,777,74
2024-03-26,Media covered Modi’s new policy announcement.,4145,262
2024-03-12,Modi delivered an inspiring speech about India's growth and unity.,1591,900
2024-03-11,Protests continue as people demand changes from Modi.,2920,421
2024-03-19,Modi faces backlash over recent economic policies.,382,38
2024-03-27,Citizens praise Modi for strong leadership and vision.,550,171
2024-03-24,Modi’s rally drew massive crowds showing huge support.,1860,825
2024-03-06,Modi’s rally drew massive crowds showing huge support.,3507,233
2024-03-20,Media covered Modi’s new policy announcement.,3208,317
2024-03-13,Media covered Modi’s new policy announcement.,404,418
2024-03-25,Media covered Modi’s new policy announcement.,4941,46
2024-03-13,Citizens praise Modi for strong leadership and vision.,3171,450
2024-03-28,Modi faces backlash over recent economic policies.,3468,719
2024-03-19,Modi attended a public event today in Delhi.,2815,726
2024-03-12,Protests continue as people demand changes from Modi.,2549,961
2024-03-04,Citizens praise Modi for strong leadership and vision.,1769,190
2024-03-21,Modi met with industry leaders to discuss growth.,4604,81
2024-03-14,Modi attended a public event today in Delhi.,4019,261
2024-03-09,Modi talks about making India self-reliant and people are hopeful.,754,569
2024-03-19,People believe Modi is transforming India’s global image.,623,130
2024-03-10,Modi talks about making India self-reliant and people are hopeful.,1773,135
2024-03-10,Opposition questions Modi’s silence on key social matters.,2211,937
2024-03-29,Critics say Modi is not addressing unemployment issues properly.,4064,547
2024-03-10,Modi criticized for slow progress in rural development.,232,690
2024-03-08,Opposition questions Modi’s silence on key social matters.,360,27
2024-03-17,Modi talks about making India self-reliant and people are hopeful.,3277,816
2024-03-17,Social media debates continue over Modi’s strategies.,473,839
2024-03-20,Modi talks about making India self-reliant and people are hopeful.,4200,21
2024-03-03,People believe Modi is transforming India’s global image.,194,854
2024-03-27,Modi talks about making India self-reliant and people are hopeful.,976,524
2024-03-01,Discussions about Modi continue across the nation.,4788,675
2024-03-14,Citizens praise Modi for strong leadership and vision.,3996,698
2024-03-13,Modi met with industry leaders to discuss growth.,1818,343
2024-03-21,Opposition questions Modi’s silence on key social matters.,4299,171
2024-03-22,Modi met with industry leaders to discuss growth.,3803,65
2024-03-08,Citizens praise Modi for strong leadership and vision.,2628,206
2024-03-31,Discussions about Modi continue across the nation.,1014,908
2024-03-30,Modi delivered an inspiring speech about India's growth and unity.,405,663
2024-03-22,Modi criticized for slow progress in rural development.,1222,590
2024-03-19,Social media debates continue over Modi’s strategies.,3510,29
2024-03-14,Critics say Modi is not addressing unemployment issues properly.,1379,624
2024-03-21,Media covered Modi’s new policy announcement.,2451,773
2024-03-19,Modi met with industry leaders to discuss growth.,146,157
2024-03-01,Modi attended a public event today in Delhi.,4502,835
2024-03-16,Discussions about Modi continue across the nation.,196,575
2024-03-18,People believe Modi is transforming India’s global image.,4316,205
2024-03-03,Modi faces backlash over recent economic policies.,2214,601
2024-03-08,Critics say Modi is not addressing unemployment issues properly.,3835,202
2024-03-13,Citizens praise Modi for strong leadership and vision.,4527,300
2024-03-24,Protests continue as people demand changes from Modi.,914,817
2024-03-30,Protests continue as people demand changes from Modi.,4845,728
2024-03-10,Modi delivered an inspiring speech about India's growth and unity.,2621,227
2024-03-24,Protests continue as people demand changes from Modi.,1917,694
2024-03-28,Modi met with industry leaders to discuss growth.,4230,959
2024-03-25,Media covered Modi’s new policy announcement.,1659,628
2024-03-16,Modi talks about making India self-reliant and people are hopeful.,29,516
2024-03-02,Critics say Modi is not addressing unemployment issues properly.,3731,583
2024-03-21,Citizens praise Modi for strong leadership and vision.,2741,584
2024-03-27,Modi’s rally drew massive crowds showing huge support.,1732,609
2024-03-23,Discussions about Modi continue across the nation.,4475,195
2024-03-03,Modi met with industry leaders to discuss growth.,569,563
2024-03-11,People believe Modi is transforming India’s global image.,1328,222
2024-03-02,Modi attended a public event today in Delhi.,854,380
2024-03-01,Citizens praise Modi for strong leadership and vision.,3170,532
2024-03-28,Modi criticized for slow progress in rural development.,508,695
2024-03-10,Modi faces backlash over recent economic policies.,4289,789
2024-03-20,Modi delivered an inspiring speech about India's growth and unity.,4387,372
2024-03-17,Modi talks about making India self-reliant and people are hopeful.,2984,243
2024-03-04,Modi’s rally drew massive crowds showing huge support.,4023,657
2024-03-07,Modi delivered an inspiring speech about India's growth and unity.,3833,296
2024-03-14,People believe Modi is transforming India’s global image.,1646,775
2024-03-23,Media covered Modi’s new policy announcement.,3205,775
2024-03-20,Critics say Modi is not addressing unemployment issues properly.,3664,523
2024-03-28,Social media debates continue over Modi’s strategies.,3420,203
2024-03-11,Modi met with industry leaders to discuss growth.,1397,847
2024-03-29,Citizens praise Modi for strong leadership and vision.,4693,204
2024-03-09,Modi criticized for slow progress in rural development.,57,946
2024-03-20,Modi delivered an inspiring speech about India's growth and unity.,2304,666
2024-03-14,People believe Modi is transforming India’s global image.,1883,183
2024-03-05,Modi attended a public event today in Delhi.,1173,481
2024-03-10,Modi faces backlash over recent economic policies.,4549,867
2024-03-13,Modi met with industry leaders to discuss growth.,4183,217
2024-03-04,Modi talks about making India self-reliant and people are hopeful.,611,302
2024-03-02,Critics say Modi is not addressing unemployment issues properly.,2320,39
2024-03-09,Modi met with industry leaders to discuss growth.,2188,214
2024-03-10,Modi’s rally drew massive crowds showing huge support.,4224,732
2024-03-18,Media covered Modi’s new policy announcement.,2033,972
2024-03-14,Modi met with industry leaders to discuss growth.,245,97
2024-03-01,Citizens praise Modi for strong leadership and vision.,1141,721
2024-03-29,Media covered Modi’s new policy announcement.,340,728
2024-03-20,Modi’s rally drew massive crowds showing huge support.,2373,796
2024-03-10,Modi faces backlash over recent economic policies.,1788,45
2024-03-25,Modi talks about making India self-reliant and people are hopeful.,3825,67
2024-03-28,Modi delivered an inspiring speech about India's growth and unity.,1386,112
2024-03-19,Modi criticized for slow progress in rural development.,3020,131
2024-03-04,Modi’s rally drew massive crowds showing huge support.,996,295
2024-03-22,People believe Modi is transforming India’s global image.,882,247
2024-03-25,Discussions about Modi continue across the nation.,253,392
2024-03-05,Social media debates continue over Modi’s strategies.,2800,552
2024-03-18,Media covered Modi’s new policy announcement.,4252,739
2024-03-26,Modi met with industry leaders to discuss growth.,870,958
2024-03-20,Modi talks about making India self-reliant and people are hopeful.,3522,738
2024-03-27,Social media debates continue over Modi’s strategies.,578,742
2024-03-03,Modi’s rally drew massive crowds showing huge support.,3558,405
2024-03-30,Modi delivered an inspiring speech about India's growth and unity.,894,167
2024-03-13,Discussions about Modi continue across the nation.,4401,544
2024-03-03,Modi attended a public event today in Delhi.,2261,774
2024-03-30,Modi faces backlash over recent economic policies.,1413,102
2024-03-03,Modi talks about making India self-reliant and people are hopeful.,3134,13
2024-03-12,Social media debates continue over Modi’s strategies.,4018,378
2024-03-15,People believe Modi is transforming India’s global image.,1761,147
2024-03-24,Modi faces backlash over recent economic policies.,3415,488
2024-03-26,Modi’s rally drew massive crowds showing huge support.,4844,288
2024-03-21,Citizens praise Modi for strong leadership and vision.,1196,627
2024-03-15,Opposition questions Modi’s silence on key social matters.,4276,343
2024-03-31,Opposition questions Modi’s silence on key social matters.,2993,532
2024-03-27,Modi’s rally drew massive crowds showing huge support.,469,725
2024-03-20,Citizens praise Modi for strong leadership and vision.,4083,535
2024-03-11,Social media debates continue over Modi’s strategies.,3954,775
2024-03-15,Discussions about Modi continue across the nation.,3367,864
2024-03-09,Modi criticized for slow progress in rural development.,3695,70
2024-03-11,Media covered Modi’s new policy announcement.,905,425
2024-03-24,Opposition questions Modi’s silence on key social matters.,1380,79
2024-03-31,Opposition questions Modi’s silence on key social matters.,3830,920
2024-03-27,People believe Modi is transforming India’s global image.,4242,988
2024-03-08,Social media debates continue over Modi’s strategies.,4400,331
2024-03-09,Modi faces backlash over recent economic policies.,3591,123
2024-03-20,Opposition questions Modi’s silence on key social matters.,1585,682
2024-03-08,Social media debates continue over Modi’s strategies.,1741,917
2024-03-08,People believe Modi is transforming India’s global image.,230,647
2024-03-27,Opposition questions Modi’s silence on key social matters.,1187,851
2024-03-24,Modi delivered an inspiring speech about India's growth and unity.,4542,227
2024-03-07,Media covered Modi’s new policy announcement.,1856,960
2024-03-06,Protests continue as people demand changes from Modi.,2904,994
2024-03-01,Modi’s rally drew massive crowds showing huge support.,1449,578
2024-03-25,Opposition questions Modi’s silence on key social matters.,4421,570
2024-03-18,People believe Modi is transforming India’s global image.,1626,844
2024-03-05,Modi’s rally drew massive crowds showing huge support.,2240,124
2024-03-19,Modi attended a public event today in Delhi.,1618,265
2024-03-04,Citizens praise Modi for strong leadership and vision.,3047,887
2024-03-21,Citizens praise Modi for strong leadership and vision.,3817,991
2024-03-23,Modi met with industry leaders to discuss growth.,1184,439
2024-03-13,Opposition questions Modi’s silence on key social matters.,1407,993
2024-03-30,Opposition questions Modi’s silence on key social matters.,92,979
2024-03-27,Discussions about Modi continue across the nation.,2457,195
2024-03-24,Modi talks about making India self-reliant and people are hopeful.,4154,763
2024-03-25,Critics say Modi is not addressing unemployment issues properly.,3981,548
2024-03-02,Modi’s rally drew massive crowds showing huge support.,3446,752
2024-03-12,Modi attended a public event today in Delhi.,691,336
2024-03-01,Modi criticized for slow progress in rural development.,1012,821
2024-03-29,Modi criticized for slow progress in rural development.,2554,40
2024-03-28,Social media debates continue over Modi’s strategies.,4883,785
2024-03-19,Modi criticized for slow progress in rural development.,4408,483
2024-03-18,Modi attended a public event today in Delhi.,149,990
2024-03-19,People believe Modi is transforming India’s global image.,2274,388
2024-03-23,Citizens praise Modi for strong leadership and vision.,3952,97
2024-03-10,Media covered Modi’s new policy announcement.,3280,219
2024-03-29,Social media debates continue over Modi’s strategies.,717,584
2024-03-27,Critics say Modi is not addressing unemployment issues properly.,3429,212
2024-03-30,Modi talks about making India self-reliant and people are hopeful.,2242,938
2024-03-11,Modi delivered an inspiring speech about India's growth and unity.,1944,391
2024-03-24,People believe Modi is transforming India’s global image.,621,822
2024-03-21,Opposition questions Modi’s silence on key social matters.,504,647
2024-03-26,People believe Modi is transforming India’s global image.,4592,1000
2024-03-23,Modi met with industry leaders to discuss growth.,1492,632
2024-03-15,Social media debates continue over Modi’s strategies.,3952,19
2024-03-14,Modi met with industry leaders to discuss growth.,3065,89
2024-03-18,Modi met with industry leaders to discuss growth.,1209,769
2024-03-28,Protests continue as people demand changes from Modi.,1865,252
2024-03-24,Modi delivered an inspiring speech about India's growth and unity.,1168,520
2024-03-24,Modi delivered an inspiring speech about India's growth and unity.,2985,387
2024-03-23,People believe Modi is transforming India’s global image.,24,470
2024-03-17,Critics say Modi is not addressing unemployment issues properly.,500,693
2024-03-11,Social media debates continue over Modi’s strategies.,4947,886
2024-03-07,Modi delivered an inspiring speech about India's growth and unity.,2262,106
2024-03-02,Protests continue as people demand changes from Modi.,2035,538
2024-03-29,People believe Modi is transforming India’s global image.,1794,127
2024-03-02,Modi talks about making India self-reliant and people are hopeful.,2174,315
2024-03-04,Protests continue as people demand changes from Modi.,2655,500
2024-03-12,Social media debates continue over Modi’s strategies.,473,312
2024-03-15,Modi delivered an inspiring speech about India's growth and unity.,1484,695
2024-03-16,Modi talks about making India self-reliant and people are hopeful.,819,970
2024-03-15,Critics say Modi is not addressing unemployment issues properly.,3728,386
2024-03-19,Citizens praise Modi for strong leadership and vision.,1226,350
2024-03-15,Critics say Modi is not addressing unemployment issues properly.,3974,130
2024-03-24,Media covered Modi’s new policy announcement.,2903,949
2024-03-24,Modi delivered an inspiring speech about India's growth and unity.,3739,17
2024-03-17,Discussions about Modi continue across the nation.,4144,241
2024-03-22,People believe Modi is transforming India’s global image.,4909,758
2024-03-21,Modi faces backlash over recent economic policies.,1566,923
2024-03-26,Protests continue as people demand changes from Modi.,920,320
2024-03-31,Modi talks about making India self-reliant and people are hopeful.,493,593
2024-03-11,Critics say Modi is not addressing unemployment issues properly.,3074,868
2024-03-27,Modi delivered an inspiring speech about India's growth and unity.,2217,755
2024-03-03,Modi delivered an inspiring speech about India's growth and unity.,2923,175
2024-03-25,Modi criticized for slow progress in rural development.,576,777
2024-03-29,Modi met with industry leaders to discuss growth.,2352,106
2024-03-15,Modi criticized for slow progress in rural development.,4480,112
2024-03-09,Modi faces backlash over recent economic policies.,331,485
2024-03-12,Modi talks about making India self-reliant and people are hopeful.,4014,77
2024-03-18,People believe Modi is transforming India’s global image.,3332,243
2024-03-03,Critics say Modi is not addressing unemployment issues properly.,4190,248
2024-03-26,Citizens praise Modi for strong leadership and vision.,2986,696
2024-03-04,Modi talks about making India self-reliant and people are hopeful.,749,27
2024-03-12,Modi met with industry leaders to discuss growth.,3201,988
2024-03-23,Critics say Modi is not addressing unemployment issues properly.,3359,160
2024-03-21,Opposition questions Modi’s silence on key social matters.,1662,855
2024-03-25,Modi met with industry leaders to discuss growth.,2783,56
2024-03-28,People believe Modi is transforming India’s global image.,2075,565
2024-03-18,Modi faces backlash over recent economic policies.,2115,291
2024-03-11,Opposition questions Modi’s silence on key social matters.,2724,507
2024-03-29,Modi criticized for slow progress in rural development.,2280,321
2024-03-01,Discussions about Modi continue across the nation.,4354,862
2024-03-12,Citizens praise Modi for strong leadership and vision.,1809,654
2024-03-24,Modi talks about making India self-reliant and people are hopeful.,2172,754
2024-03-15,People believe Modi is transforming India’s global image.,258,773
2024-03-30,Modi criticized for slow progress in rural development.,1382,909
2024-03-06,Modi’s rally drew massive crowds showing huge support.,4012,914
2024-03-30,Modi faces backlash over recent economic policies.,4979,419
2024-03-29,Discussions about Modi continue across the nation.,2033,241
2024-03-30,Citizens praise Modi for strong leadership and vision.,3900,473
2024-03-24,Modi faces backlash over recent economic policies.,45,846
2024-03-27,Social media debates continue over Modi’s strategies.,3304,957
2024-03-28,Modi talks about making India self-reliant and people are hopeful.,2631,727
2024-03-31,Modi talks about making India self-reliant and people are hopeful.,4458,745
2024-03-01,Modi talks about making India self-reliant and people are hopeful.,2095,868
2024-03-11,Citizens praise Modi for strong leadership and vision.,2202,428
2024-03-29,Critics say Modi is not addressing unemployment issues properly.,863,530
2024-03-22,People believe Modi is transforming India’s global image.,1499,723
2024-03-15,People believe Modi is transforming India’s global image.,4397,617
2024-03-11,Modi delivered an inspiring speech about India's growth and unity.,2317,441
2024-03-28,Modi delivered an inspiring speech about India's growth and unity.,258,921
2024-03-23,Citizens praise Modi for strong leadership and vision.,519,53
2024-03-15,Modi met with industry leaders to discuss growth.,4051,211
2024-03-15,People believe Modi is transforming India’s global image.,880,706
2024-03-08,Modi attended a public event today in Delhi.,3269,797
2024-03-23,Protests continue as people demand changes from Modi.,4302,802
2024-03-09,Modi delivered an inspiring speech about India's growth and unity.,2968,863
2024-03-25,Social media debates continue over Modi’s strategies.,4303,801
2024-03-08,Media covered Modi’s new policy announcement.,1933,851
2024-03-13,Modi met with industry leaders to discuss growth.,1889,901
2024-03-15,Modi talks about making India self-reliant and people are hopeful.,2333,49
2024-03-31,Modi criticized for slow progress in rural development.,143,51
2024-03-20,Citizens praise Modi for strong leadership and vision.,913,765
2024-03-27,Modi delivered an inspiring speech about India's growth and unity.,1660,301
2024-03-01,Social media debates continue over Modi’s strategies.,489,183
2024-03-21,Citizens praise Modi for strong leadership and vision.,2993,596
2024-03-28,Modi’s rally drew massive crowds showing huge support.,796,879
2024-03-09,Modi criticized for slow progress in rural development.,2080,841
2024-03-24,Modi met with industry leaders to discuss growth.,1816,592
2024-03-16,Protests continue as people demand changes from Modi.,3071,241
2024-03-20,Discussions about Modi continue across the nation.,2058,201
2024-03-08,Modi criticized for slow progress in rural development.,1405,914
2024-03-07,Modi’s rally drew massive crowds showing huge support.,2176,228
2024-03-24,Discussions about Modi continue across the nation.,3780,626
2024-03-23,Media covered Modi’s new policy announcement.,3449,788
2024-03-27,Modi talks about making India self-reliant and people are hopeful.,604,679
2024-03-04,Discussions about Modi continue across the nation.,4116,59
2024-03-08,Citizens praise Modi for strong leadership and vision.,2439,898
2024-03-19,Media covered Modi’s new policy announcement.,2328,527
2024-03-21,People believe Modi is transforming India’s global image.,4001,62
2024-03-10,Social media debates continue over Modi’s strategies.,1236,54
2024-03-08,Opposition questions Modi’s silence on key social matters.,392,984
2024-03-15,Citizens praise Modi for strong leadership and vision.,2999,757
2024-03-31,Modi criticized for slow progress in rural development.,2221,637
2024-03-06,Modi’s rally drew massive crowds showing huge support.,2339,628
2024-03-22,Modi’s rally drew massive crowds showing huge support.,2809,599
2024-03-13,Citizens praise Modi for strong leadership and vision.,4983,493
2024-03-31,Discussions about Modi continue across the nation.,2423,385
2024-03-03,Critics say Modi is not addressing unemployment issues properly.,712,368
2024-03-26,Modi talks about making India self-reliant and people are hopeful.,1672,114
2024-03-07,Critics say Modi is not addressing unemployment issues properly.,2732,751
2024-03-24,Modi met with industry leaders to discuss growth.,2446,25
2024-03-28,Modi’s rally drew massive crowds showing huge support.,1494,624
2024-03-16,Modi talks about making India self-reliant and people are hopeful.,3366,144
2024-03-07,Modi delivered an inspiring speech about India's growth and unity.,2418,403
2024-03-18,Modi met with industry leaders to discuss growth.,3691,851
2024-03-05,Modi’s rally drew massive crowds showing huge support.,3398,295
2024-03-01,Social media debates continue over Modi’s strategies.,178,921
2024-03-31,Modi criticized for slow progress in rural development.,442,452
2024-03-14,Critics say Modi is not addressing unemployment issues properly.,3208,412
2024-03-23,People believe Modi is transforming India’s global image.,3190,786
2024-03-16,Modi talks about making India self-reliant and people are hopeful.,4433,72
2024-03-27,Citizens praise Modi for strong leadership and vision.,157,53
2024-03-08,Media covered Modi’s new policy announcement.,3189,261
2024-03-13,Protests continue as people demand changes from Modi.,1009,985
2024-03-01,Modi’s rally drew massive crowds showing huge support.,4760,230
2024-03-18,Modi talks about making India self-reliant and people are hopeful.,4105,438
2024-03-25,Modi’s rally drew massive crowds showing huge support.,3235,28
2024-03-02,Modi talks about making India self-reliant and people are hopeful.,2490,267
2024-03-22,Opposition questions Modi’s silence on key social matters.,4593,587
2024-03-25,Modi delivered an inspiring speech about India's growth and unity.,3310,537
2024-03-18,Modi delivered an inspiring speech about India's growth and unity.,2295,122
2024-03-06,Modi met with industry leaders to discuss growth.,4632,267
2024-03-17,People believe Modi is transforming India’s global image.,1499,781
2024-03-05,Protests continue as people demand changes from Modi.,2796,349
2024-03-11,Critics say Modi is not addressing unemployment issues properly.,872,225
2024-03-12,People believe Modi is transforming India’s global image.,4433,427
2024-03-22,Modi delivered an inspiring speech about India's growth and unity.,3170,598
2024-03-23,Modi talks about making India self-reliant and people are hopeful.,2777,568
2024-03-24,Social media debates continue over Modi’s strategies.,474,554
2024-03-20,Opposition questions Modi’s silence on key social matters.,3629,374
2024-03-17,Modi met with industry leaders to discuss growth.,4439,777
2024-03-22,Modi delivered an inspiring speech about India's growth and unity.,3789,776
2024-03-25,People believe Modi is transforming India’s global image.,2887,714
2024-03-19,Modi faces backlash over recent economic policies.,4725,457
2024-03-28,Modi criticized for slow progress in rural development.,4893,871
2024-03-09,Modi talks about making India self-reliant and people are hopeful.,3506,753
2024-03-25,Modi’s rally drew massive crowds showing huge support.,2948,182
2024-03-29,Modi delivered an inspiring speech about India's growth and unity.,4105,463
2024-03-02,Opposition questions Modi’s silence on key social matters.,642,559
2024-03-01,Media covered Modi’s new policy announcement.,3168,244
2024-03-24,Social media debates continue over Modi’s strategies.,1107,470
2024-03-19,Modi talks about making India self-reliant and people are hopeful.,1871,924
2024-03-25,Citizens praise Modi for strong leadership and vision.,3672,85
2024-03-30,Citizens praise Modi for strong leadership and vision.,278,109
2024-03-21,Modi criticized for slow progress in rural development.,4442,187
2024-03-21,Modi delivered an inspiring speech about India's growth and unity.,307,210
2024-03-17,Modi delivered an inspiring speech about India's growth and unity.,875,318
2024-03-21,Discussions about Modi continue across the nation.,4094,621
2024-03-23,Modi delivered an inspiring speech about India's growth and unity.,4391,515
2024-03-30,Modi delivered an inspiring speech about India's growth and unity.,1299,916
2024-03-19,Modi delivered an inspiring speech about India's growth and unity.,1408,946
2024-03-28,Opposition questions Modi’s silence on key social matters.,3084,160
2024-03-10,Social media debates continue over Modi’s strategies.,2986,721
2024-03-02,Modi delivered an inspiring speech about India's growth and unity.,1736,97
2024-03-29,Modi delivered an inspiring speech about India's growth and unity.,1860,646
2024-03-11,Modi talks about making India self-reliant and people are hopeful.,1746,261
2024-03-03,Modi criticized for slow progress in rural development.,4557,357
2024-03-09,Opposition questions Modi’s silence on key social matters.,73,854
2024-03-25,Discussions about Modi continue across the nation.,2921,875
2024-03-09,Modi met with industry leaders to discuss growth.,3567,516
2024-03-04,Discussions about Modi continue across the nation.,1432,948
2024-03-23,Modi met with industry leaders to discuss growth.,3601,379
2024-03-09,Protests continue as people demand changes from Modi.,3468,226
2024-03-07,Media covered Modi’s new policy announcement.,2107,370
2024-03-21,People believe Modi is transforming India’s global image.,289,41
2024-03-22,People believe Modi is transforming India’s global image.,3169,426
2024-03-28,Modi talks about making India self-reliant and people are hopeful.,1192,311
2024-03-05,Citizens praise Modi for strong leadership and vision.,142,270
2024-03-13,Discussions about Modi continue across the nation.,3477,699
2024-03-02,People believe Modi is transforming India’s global image.,1082,94
2024-03-17,Protests continue as people demand changes from Modi.,563,397
2024-03-15,Opposition questions Modi’s silence on key social matters.,2407,266
2024-03-29,Modi talks about making India self-reliant and people are hopeful.,1828,305
2024-03-01,Modi criticized for slow progress in rural development.,2041,284
2024-03-29,Protests continue as people demand changes from Modi.,1997,781
2024-03-24,Modi attended a public event today in Delhi.,4688,671
2024-03-17,Modi talks about making India self-reliant and people are hopeful.,4861,857
2024-03-28,Modi met with industry leaders to discuss growth.,268,59
2024-03-11,Modi criticized for slow progress in rural development.,3937,95
2024-03-31,Modi talks about making India self-reliant and people are hopeful.,2234,203
2024-03-11,Modi’s rally drew massive crowds showing huge support.,1269,496
2024-03-28,Modi delivered an inspiring speech about India's growth and unity.,2971,532
2024-03-22,Modi talks about making India self-reliant and people are hopeful.,167,389
2024-03-30,Opposition questions Modi’s silence on key social matters.,54,516
2024-03-20,Media covered Modi’s new policy announcement.,4276,984
2024-03-02,Modi attended a public event today in Delhi.,893,916
2024-03-24,Media covered Modi’s new policy announcement.,4903,590
2024-03-12,Modi attended a public event today in Delhi.,4153,162
2024-03-05,Protests continue as people demand changes from Modi.,1172,156
2024-03-27,Opposition questions Modi’s silence on key social matters.,1586,549
2024-03-27,Modi’s rally drew massive crowds showing huge support.,1129,560
2024-03-06,Modi delivered an inspiring speech about India's growth and unity.,1208,222
2024-03-03,Citizens praise Modi for strong leadership and vision.,1162,88
2024-03-02,Modi talks about making India self-reliant and people are hopeful.,4119,879
2024-03-02,Modi delivered an inspiring speech about India's growth and unity.,3577,267
2024-03-10,Modi talks about making India self-reliant and people are hopeful.,3118,774
2024-03-27,Modi delivered an inspiring speech about India's growth and unity.,2595,78
2024-03-05,Critics say Modi is not addressing unemployment issues properly.,862,579
2024-03-02,Modi delivered an inspiring speech about India's growth and unity.,3752,769
2024-03-31,Critics say Modi is not addressing unemployment issues properly.,832,63
2024-03-09,Protests continue as people demand changes from Modi.,2324,796
2024-03-13,Modi criticized for slow progress in rural development.,1071,765
2024-03-04,Citizens praise Modi for strong leadership and vision.,3394,924
2024-03-18,People believe Modi is transforming India’s global image.,566,121
2024-03-09,Discussions about Modi continue across the nation.,1522,617
2024-03-12,Citizens praise Modi for strong leadership and vision.,3585,811
2024-03-24,Media covered Modi’s new policy announcement.,575,554
2024-03-29,Opposition questions Modi’s silence on key social matters.,3939,763
2024-03-24,Social media debates continue over Modi’s strategies.,2728,343
2024-03-02,Modi talks about making India self-reliant and people are hopeful.,976,204
2024-03-04,Modi faces backlash over recent economic policies.,3106,912
2024-03-27,Modi criticized for slow progress in rural development.,4414,785
2024-03-01,Social media debates continue over Modi’s strategies.,1936,449
2024-03-05,People believe Modi is transforming India’s global image.,4259,382
2024-03-28,Media covered Modi’s new policy announcement.,4284,850
2024-03-25,People believe Modi is transforming India’s global image.,4843,94
2024-03-14,Modi faces backlash over recent economic policies.,4582,551
2024-03-07,Modi faces backlash over recent economic policies.,732,798
2024-03-30,Modi attended a public event today in Delhi.,3709,946
2024-03-11,Protests continue as people demand changes from Modi.,1515,784
2024-03-12,Modi delivered an inspiring speech about India's growth and unity.,708,870
2024-03-07,Modi talks about making India self-reliant and people are hopeful.,703,250
2024-03-21,Modi talks about making India self-reliant and people are hopeful.,3458,809
2024-03-04,Opposition questions Modi’s silence on key social matters.,1424,15
2024-03-07,Critics say Modi is not addressing unemployment issues properly.,4526,36
2024-03-27,Modi’s rally drew massive crowds showing huge support.,1288,801
2024-03-20,Modi delivered an inspiring speech about India's growth and unity.,2264,28
2024-03-20,Critics say Modi is not addressing unemployment issues properly.,2959,772
2024-03-12,Modi’s rally drew massive crowds showing huge support.,1741,721
2024-03-28,Protests continue as people demand changes from Modi.,3660,515
2024-03-07,Opposition questions Modi’s silence on key social matters.,3270,847
2024-03-02,Modi met with industry leaders to discuss growth.,4760,894
2024-03-06,Modi faces backlash over recent economic policies.,2874,622
2024-03-27,Discussions about Modi continue across the nation.,4903,976
2024-03-18,Citizens praise Modi for strong leadership and vision.,924,174
2024-03-13,Modi faces backlash over recent economic policies.,890,417
2024-03-31,Media covered Modi’s new policy announcement.,3465,401
2024-03-16,Citizens praise Modi for strong leadership and vision.,2866,757
2024-03-16,Modi’s rally drew massive crowds showing huge support.,4629,301
2024-03-04,Modi attended a public event today in Delhi.,4210,334
2024-03-06,Social media debates continue over Modi’s strategies.,1867,224
2024-03-12,Modi’s rally drew massive crowds showing huge support.,603,494
2024-03-10,Modi talks about making India self-reliant and people are hopeful.,1353,18
2024-03-29,Modi talks about making India self-reliant and people are hopeful.,837,60
2024-03-19,Modi delivered an inspiring speech about India's growth and unity.,147,838
2024-03-21,Media covered Modi’s new policy announcement.,4322,180
2024-03-27,Discussions about Modi continue across the nation.,3066,852
2024-03-08,People believe Modi is transforming India’s global image.,92,967
2024-03-17,Modi met with industry leaders to discuss growth.,4529,304
2024-03-23,People believe Modi is transforming India’s global image.,772,731
2024-03-17,Modi faces backlash over recent economic policies.,3882,537
2024-03-27,Modi delivered an inspiring speech about India's growth and unity.,3355,951
2024-03-07,People believe Modi is transforming India’s global image.,1841,734
2024-03-22,Social media debates continue over Modi’s strategies.,378,383
2024-03-12,Social media debates continue over Modi’s strategies.,804,72
2024-03-27,Modi met with industry leaders to discuss growth.,4574,496
2024-03-13,Opposition questions Modi’s silence on key social matters.,188,252
2024-03-18,Modi met with industry leaders to discuss growth.,73,452
2024-03-08,Modi faces backlash over recent economic policies.,4887,952
2024-03-31,Opposition questions Modi’s silence on key social matters.,1762,717
2024-03-08,Modi’s rally drew massive crowds showing huge support.,564,378
2024-03-19,Modi faces backlash over recent economic policies.,4908,600
2024-03-22,People believe Modi is transforming India’s global image.,2290,78
2024-03-07,Modi talks about making India self-reliant and people are hopeful.,1862,505
2024-03-18,Media covered Modi’s new policy announcement.,1772,821
2024-03-26,Modi’s rally drew massive crowds showing huge support.,2620,819
2024-03-03,Media covered Modi’s new policy announcement.,3973,962
2024-03-12,Modi attended a public event today in Delhi.,2139,851
2024-03-12,Modi delivered an inspiring speech about India's growth and unity.,2929,672
2024-03-05,Social media debates continue over Modi’s strategies.,3469,241
2024-03-15,Protests continue as people demand changes from Modi.,4869,354
2024-03-21,Modi met with industry leaders to discuss growth.,1811,10
2024-03-25,Modi’s rally drew massive crowds showing huge support.,2618,143
2024-03-17,Modi talks about making India self-reliant and people are hopeful.,4587,580
2024-03-03,Modi delivered an inspiring speech about India's growth and unity.,3343,547
2024-03-11,Media covered Modi’s new policy announcement.,3380,313
2024-03-23,Modi delivered an inspiring speech about India's growth and unity.,2654,49
2024-03-22,Protests continue as people demand changes from Modi.,4398,198
2024-03-02,Media covered Modi’s new policy announcement.,1054,935
2024-03-01,Media covered Modi’s new policy announcement.,2368,513
2024-03-18,Modi attended a public event today in Delhi.,3209,389
2024-03-18,People believe Modi is transforming India’s global image.,2481,496
2024-03-29,Modi faces backlash over recent economic policies.,4672,298
2024-03-23,Protests continue as people demand changes from Modi.,4276,966
2024-03-19,Modi talks about making India self-reliant and people are hopeful.,1008,96
2024-03-24,Citizens praise Modi for strong leadership and vision.,4759,225
2024-03-02,Protests continue as people demand changes from Modi.,1802,928
2024-03-31,Modi delivered an inspiring speech about India's growth and unity.,3002,855
2024-03-18,Discussions about Modi continue across the nation.,426,48
2024-03-07,Citizens praise Modi for strong leadership and vision.,3351,285
2024-03-27,Citizens praise Modi for strong leadership and vision.,600,800
2024-03-30,Modi talks about making India self-reliant and people are hopeful.,2224,653
2024-03-20,Modi attended a public event today in Delhi.,3770,595
2024-03-21,Modi faces backlash over recent economic policies.,3248,497
2024-03-25,Modi faces backlash over recent economic policies.,4026,766
2024-03-31,Citizens praise Modi for strong leadership and vision.,3662,369
2024-03-22,Modi met with industry leaders to discuss growth.,1893,777
2024-03-31,Citizens praise Modi for strong leadership and vision.,3709,805
2024-03-15,Opposition questions Modi’s silence on key social matters.,2429,844
2024-03-27,Critics say Modi is not addressing unemployment issues properly.,4179,703
2024-03-23,Modi faces backlash over recent economic policies.,1822,493
2024-03-24,Modi delivered an inspiring speech about India's growth and unity.,1247,974
2024-03-30,Modi faces backlash over recent economic policies.,3259,208
2024-03-22,Discussions about Modi continue across the nation.,1284,404
2024-03-14,Modi criticized for slow progress in rural development.,1575,219
2024-03-13,Modi attended a public event today in Delhi.,3424,336
2024-03-20,Opposition questions Modi’s silence on key social matters.,4397,430
2024-03-10,Critics say Modi is not addressing unemployment issues properly.,3742,11
2024-03-08,Discussions about Modi continue across the nation.,3930,170
2024-03-01,Citizens praise Modi for strong leadership and vision.,3963,395
2024-03-25,Discussions about Modi continue across the nation.,185,404
2024-03-25,Modi faces backlash over recent economic policies.,2530,417
2024-03-17,Citizens praise Modi for strong leadership and vision.,3507,729
2024-03-05,Discussions about Modi continue across the nation.,1928,560
2024-03-09,Social media debates continue over Modi’s strategies.,3684,347
2024-03-07,Modi delivered an inspiring speech about India's growth and unity.,2138,985
2024-03-12,Modi’s rally drew massive crowds showing huge support.,1674,824
2024-03-15,Modi’s rally drew massive crowds showing huge support.,4933,810
2024-03-31,Modi’s rally drew massive crowds showing huge support.,3961,266
2024-03-10,Modi delivered an inspiring speech about India's growth and unity.,3747,163
2024-03-16,Media covered Modi’s new policy announcement.,818,195
2024-03-27,Modi criticized for slow progress in rural development.,420,342
2024-03-13,People believe Modi is transforming India’s global image.,3713,260
2024-03-31,Discussions about Modi continue across the nation.,1982,101
2024-03-09,Modi criticized for slow progress in rural development.,3112,700
2024-03-07,Modi delivered an inspiring speech about India's growth and unity.,3828,852
2024-03-27,Modi criticized for slow progress in rural development.,4834,439
2024-03-02,Critics say Modi is not addressing unemployment issues properly.,2528,241
2024-03-02,People believe Modi is transforming India’s global image.,610,925
2024-03-18,Modi faces backlash over recent economic policies.,145,637
2024-03-23,Citizens praise Modi for strong leadership and vision.,3551,582
2024-03-04,Discussions about Modi continue across the nation.,807,37
2024-03-22,Social media debates continue over Modi’s strategies.,392,457
2024-03-17,Modi’s rally drew massive crowds showing huge support.,4377,582
2024-03-25,Modi attended a public event today in Delhi.,1538,81
2024-03-22,Modi faces backlash over recent economic policies.,3642,79
2024-03-01,Critics say Modi is not addressing unemployment issues properly.,2532,372
2024-03-30,Modi faces backlash over recent economic policies.,3974,208
2024-03-17,Protests continue as people demand changes from Modi.,1570,245
2024-03-20,Modi talks about making India self-reliant and people are hopeful.,4972,748
2024-03-14,Citizens praise Modi for strong leadership and vision.,3052,647
2024-03-10,People believe Modi is transforming India’s global image.,1322,614
2024-03-09,Modi talks about making India self-reliant and people are hopeful.,3807,57
2024-03-28,Modi’s rally drew massive crowds showing huge support.,2719,30
2024-03-01,People believe Modi is transforming India’s global image.,689,692
2024-03-30,Modi talks about making India self-reliant and people are hopeful.,1338,548
2024-03-11,Citizens praise Modi for strong leadership and vision.,2048,327
2024-03-22,Modi talks about making India self-reliant and people are hopeful.,3027,755
2024-03-07,Modi talks about making India self-reliant and people are hopeful.,796,741
2024-03-07,Protests continue as people demand changes from Modi.,1730,546
2024-03-10,Citizens praise Modi for strong leadership and vision.,4607,634
2024-03-31,Modi faces backlash over recent economic policies.,4195,455
2024-03-17,Critics say Modi is not addressing unemployment issues properly.,4140,738
2024-03-06,Modi delivered an inspiring speech about India's growth and unity.,2762,724
2024-03-15,Opposition questions Modi’s silence on key social matters.,4299,915
2024-03-24,Modi met with industry leaders to discuss growth.,2468,403
2024-03-31,People believe Modi is transforming India’s global image.,378,616
2024-03-14,Media covered Modi’s new policy announcement.,3997,522
2024-03-27,Modi met with industry leaders to discuss growth.,392,341
2024-03-10,Citizens praise Modi for strong leadership and vision.,1471,881
2024-03-24,Protests continue as people demand changes from Modi.,3554,695
2024-03-04,Opposition questions Modi’s silence on key social matters.,3594,742
2024-03-09,Media covered Modi’s new policy announcement.,4368,831
2024-03-07,Modi’s rally drew massive crowds showing huge support.,2509,735
2024-03-02,Citizens praise Modi for strong leadership and vision.,1543,356
2024-03-21,Protests continue as people demand changes from Modi.,4909,567
2024-03-18,Opposition questions Modi’s silence on key social matters.,1610,123
2024-03-01,Modi criticized for slow progress in rural development.,3315,628
2024-03-16,Media covered Modi’s new policy announcement.,1172,539
2024-03-30,Protests continue as people demand changes from Modi.,4075,169
2024-03-17,Modi criticized for slow progress in rural development.,3517,463
2024-03-05,Modi talks about making India self-reliant and people are hopeful.,4803,341
2024-03-16,Protests continue as people demand changes from Modi.,2641,414
2024-03-27,Social media debates continue over Modi’s strategies.,4778,419
2024-03-20,Modi attended a public event today in Delhi.,1036,181
2024-03-19,Modi faces backlash over recent economic policies.,3057,507
2024-03-10,People believe Modi is transforming India’s global image.,863,674
2024-03-18,Modi’s rally drew massive crowds showing huge support.,4130,415
2024-03-26,Modi attended a public event today in Delhi.,4686,586
2024-03-25,Modi faces backlash over recent economic policies.,1760,197
2024-03-30,Modi faces backlash over recent economic policies.,3554,205
2024-03-02,Modi’s rally drew massive crowds showing huge support.,3359,139
2024-03-25,Protests continue as people demand changes from Modi.,3038,597
2024-03-03,People believe Modi is transforming India’s global image.,1624,485
2024-03-20,Modi faces backlash over recent economic policies.,566,715
2024-03-11,Critics say Modi is not addressing unemployment issues properly.,2682,102
2024-03-28,People believe Modi is transforming India’s global image.,1039,213
2024-03-06,Modi criticized for slow progress in rural development.,4580,824
2024-03-02,Media covered Modi’s new policy announcement.,2210,346
2024-03-05,Critics say Modi is not addressing unemployment issues properly.,2464,803
2024-03-12,Media covered Modi’s new policy announcement.,2298,87
2024-03-05,Discussions about Modi continue across the nation.,4903,352
2024-03-07,Modi’s rally drew massive crowds showing huge support.,1449,164
2024-03-11,Social media debates continue over Modi’s strategies.,2979,681
2024-03-03,Media covered Modi’s new policy announcement.,3559,833
2024-03-11,Critics say Modi is not addressing unemployment issues properly.,2141,872
2024-03-09,Modi criticized for slow progress in rural development.,1917,449
2024-03-04,Opposition questions Modi’s silence on key social matters.,4690,591
2024-03-01,Media covered Modi’s new policy announcement.,3697,969
2024-03-17,Modi criticized for slow progress in rural development.,1691,947
2024-03-31,Modi’s rally drew massive crowds showing huge support.,39,852
2024-03-30,People believe Modi is transforming India’s global image.,4797,771
2024-03-07,Citizens praise Modi for strong leadership and vision.,1566,738
2024-03-21,Modi talks about making India self-reliant and people are hopeful.,487,114
2024-03-19,Discussions about Modi continue across the nation.,3574,118
2024-03-31,Modi attended a public event today in Delhi.,3072,800
2024-03-01,Modi attended a public event today in Delhi.,805,948
2024-03-09,Modi talks about making India self-reliant and people are hopeful.,4815,166
2024-03-17,Modi’s rally drew massive crowds showing huge support.,482,269
2024-03-14,Critics say Modi is not addressing unemployment issues properly.,1559,589
2024-03-25,Protests continue as people demand changes from Modi.,1131,379
2024-03-10,Discussions about Modi continue across the nation.,3264,379
2024-03-06,Modi’s rally drew massive crowds showing huge support.,2677,612
2024-03-18,Modi’s rally drew massive crowds showing huge support.,2018,497
2024-03-28,Citizens praise Modi for strong leadership and vision.,2662,223
2024-03-11,Opposition questions Modi’s silence on key social matters.,2958,164
2024-03-14,Critics say Modi is not addressing unemployment issues properly.,1646,228
2024-03-13,Modi met with industry leaders to discuss growth.,2606,926
2024-03-11,Modi criticized for slow progress in rural development.,3411,68
2024-03-08,Modi attended a public event today in Delhi.,938,196
2024-03-24,Critics say Modi is not addressing unemployment issues properly.,4647,689
2024-03-14,Citizens praise Modi for strong leadership and vision.,2582,489
2024-03-28,People believe Modi is transforming India’s global image.,4732,950
2024-03-19,Modi’s rally drew massive crowds showing huge support.,2688,877
2024-03-05,Modi criticized for slow progress in rural development.,2128,811
2024-03-09,Social media debates continue over Modi’s strategies.,1201,593
2024-03-29,Modi met with industry leaders to discuss growth.,943,898
2024-03-18,Citizens praise Modi for strong leadership and vision.,2489,442
2024-03-13,Modi met with industry leaders to discuss growth.,3192,486
2024-03-10,Modi met with industry leaders to discuss growth.,3762,877
2024-03-02,Modi talks about making India self-reliant and people are hopeful.,3013,201
2024-03-15,Modi’s rally drew massive crowds showing huge support.,410,166
2024-03-01,Protests continue as people demand changes from Modi.,4857,723
2024-03-21,Modi attended a public event today in Delhi.,1202,132
2024-03-15,Social media debates continue over Modi’s strategies.,214,287
2024-03-12,Protests continue as people demand changes from Modi.,3659,362
2024-03-30,Modi attended a public event today in Delhi.,4309,416
2024-03-12,Citizens praise Modi for strong leadership and vision.,1049,912
2024-03-23,Modi criticized for slow progress in rural development.,4042,932
2024-03-26,Modi met with industry leaders to discuss growth.,4048,973
2024-03-11,Modi delivered an inspiring speech about India's growth and unity.,3303,392
2024-03-12,Media covered Modi’s new policy announcement.,345,392
2024-03-09,Social media debates continue over Modi’s strategies.,1006,270
2024-03-07,Protests continue as people demand changes from Modi.,764,380
2024-03-28,Modi attended a public event today in Delhi.,1543,67
2024-03-29,Modi delivered an inspiring speech about India's growth and unity.,2540,907
2024-03-02,People believe Modi is transforming India’s global image.,871,310
2024-03-23,Citizens praise Modi for strong leadership and vision.,4151,940
2024-03-19,Modi met with industry leaders to discuss growth.,2025,865
2024-03-05,Protests continue as people demand changes from Modi.,3749,881
2024-03-05,Discussions about Modi continue across the nation.,3792,915
2024-03-30,People believe Modi is transforming India’s global image.,3769,625
2024-03-26,Media covered Modi’s new policy announcement.,2576,851
2024-03-06,Opposition questions Modi’s silence on key social matters.,4790,743
2024-03-17,Media covered Modi’s new policy announcement.,4349,144
2024-03-09,Media covered Modi’s new policy announcement.,1340,403
2024-03-19,Modi faces backlash over recent economic policies.,1612,657
2024-03-06,Modi talks about making India self-reliant and people are hopeful.,1499,420
2024-03-03,Modi attended a public event today in Delhi.,1995,285
2024-03-07,Media covered Modi’s new policy announcement.,1794,601
2024-03-01,Modi delivered an inspiring speech about India's growth and unity.,3990,205
2024-03-25,Modi attended a public event today in Delhi.,4124,691
2024-03-16,Discussions about Modi continue across the nation.,1526,312
2024-03-01,Discussions about Modi continue across the nation.,3032,266
2024-03-26,Modi faces backlash over recent economic policies.,4187,307
2024-03-11,Critics say Modi is not addressing unemployment issues properly.,1508,399
2024-03-03,Modi talks about making India self-reliant and people are hopeful.,4545,252
2024-03-12,Critics say Modi is not addressing unemployment issues properly.,3858,323
2024-03-20,Social media debates continue over Modi’s strategies.,3300,956
2024-03-08,Citizens praise Modi for strong leadership and vision.,174,98
2024-03-11,Modi talks about making India self-reliant and people are hopeful.,1739,988
2024-03-27,Modi delivered an inspiring speech about India's growth and unity.,311,573
2024-03-14,Modi’s rally drew massive crowds showing huge support.,3115,877
2024-03-03,Modi attended a public event today in Delhi.,4486,787
2024-03-11,Modi’s rally drew massive crowds showing huge support.,2679,992
2024-03-13,Modi attended a public event today in Delhi.,826,471
2024-03-20,Critics say Modi is not addressing unemployment issues properly.,3120,430
2024-03-21,Modi met with industry leaders to discuss growth.,3777,147
2024-03-18,Discussions about Modi continue across the nation.,3444,402
2024-03-16,Media covered Modi’s new policy announcement.,4648,467
2024-03-24,Modi met with industry leaders to discuss growth.,300,832
2024-03-19,People believe Modi is transforming India’s global image.,4911,160
2024-03-23,People believe Modi is transforming India’s global image.,681,49
2024-03-03,Modi criticized for slow progress in rural development.,324,499
2024-03-11,Social media debates continue over Modi’s strategies.,2615,255
2024-03-29,Media covered Modi’s new policy announcement.,2159,543
2024-03-12,Modi attended a public event today in Delhi.,481,779
2024-03-31,People believe Modi is transforming India’s global image.,2322,790
2024-03-08,Modi talks about making India self-reliant and people are hopeful.,374,959
2024-03-25,People believe Modi is transforming India’s global image.,2980,214
2024-03-03,Modi faces backlash over recent economic policies.,1269,485
2024-03-25,Modi delivered an inspiring speech about India's growth and unity.,4992,91
2024-03-29,Protests continue as people demand changes from Modi.,1947,482
2024-03-23,People believe Modi is transforming India’s global image.,2975,63
2024-03-19,Media covered Modi’s new policy announcement.,4173,430
2024-03-17,Modi met with industry leaders to discuss growth.,2261,259
2024-03-19,Modi criticized for slow progress in rural development.,4872,811
2024-03-24,People believe Modi is transforming India’s global image.,3468,843
2024-03-24,Modi attended a public event today in Delhi.,2304,660
2024-03-04,Discussions about Modi continue across the nation.,3319,746
2024-03-21,Citizens praise Modi for strong leadership and vision.,3842,350
2024-03-22,Modi talks about making India self-reliant and people are hopeful.,4923,961
2024-03-13,Critics say Modi is not addressing unemployment issues properly.,631,592
2024-03-30,Protests continue as people demand changes from Modi.,1668,528
2024-03-05,Modi talks about making India self-reliant and people are hopeful.,3740,284
2024-03-13,Modi delivered an inspiring speech about India's growth and unity.,128,757
2024-03-10,Modi faces backlash over recent economic policies.,347,736
2024-03-09,Modi attended a public event today in Delhi.,1255,211
2024-03-31,Modi talks about making India self-reliant and people are hopeful.,3764,220
2024-03-18,Modi faces backlash over recent economic policies.,593,442
2024-03-07,Modi criticized for slow progress in rural development.,1526,158
2024-03-18,Social media debates continue over Modi’s strategies.,3733,814
2024-03-28,Critics say Modi is not addressing unemployment issues properly.,3946,269
2024-03-06,Modi attended a public event today in Delhi.,64,357
2024-03-09,Modi faces backlash over recent economic policies.,1520,688
2024-03-05,Modi talks about making India self-reliant and people are hopeful.,1497,338
2024-03-06,Modi criticized for slow progress in rural development.,4414,504
2024-03-22,Protests continue as people demand changes from Modi.,2885,591
2024-03-21,People believe Modi is transforming India’s global image.,3726,75
2024-03-16,Social media debates continue over Modi’s strategies.,4041,985
2024-03-30,Protests continue as people demand changes from Modi.,3568,953
2024-03-11,Modi criticized for slow progress in rural development.,1970,180
2024-03-17,Modi delivered an inspiring speech about India's growth and unity.,1492,167
2024-03-24,Modi attended a public event today in Delhi.,3463,318
2024-03-23,Modi’s rally drew massive crowds showing huge support.,210,129
2024-03-08,Social media debates continue over Modi’s strategies.,2585,805
2024-03-26,Protests continue as people demand changes from Modi.,1776,224
2024-03-25,Modi talks about making India self-reliant and people are hopeful.,3944,772
2024-03-26,Modi attended a public event today in Delhi.,19,379
2024-03-23,Social media debates continue over Modi’s strategies.,2391,767
2024-03-11,Modi attended a public event today in Delhi.,3228,654
2024-03-27,Modi attended a public event today in Delhi.,2457,531
2024-03-10,Modi faces backlash over recent economic policies.,1309,295
2024-03-24,Modi’s rally drew massive crowds showing huge support.,2588,577
2024-03-25,Modi attended a public event today in Delhi.,2480,346
2024-03-03,Media covered Modi’s new policy announcement.,3805,418
2024-03-09,Protests continue as people demand changes from Modi.,4360,393
2024-03-14,Opposition questions Modi’s silence on key social matters.,1832,183
2024-03-05,Media covered Modi’s new policy announcement.,2538,11
2024-03-18,Citizens praise Modi for strong leadership and vision.,3431,63
2024-03-12,Modi’s rally drew massive crowds showing huge support.,4786,837
2024-03-17,Modi delivered an inspiring speech about India's growth and unity.,3378,53
2024-03-31,Protests continue as people demand changes from Modi.,4492,361
2024-03-07,Modi criticized for slow progress in rural development.,192,203
2024-03-06,People believe Modi is transforming India’s global image.,400,904
2024-03-06,Modi’s rally drew massive crowds showing huge support.,4770,379
2024-03-25,Modi faces backlash over recent economic policies.,3375,674
2024-03-02,Media covered Modi’s new policy announcement.,477,673
2024-03-02,Modi attended a public event today in Delhi.,2639,618
2024-03-21,Modi talks about making India self-reliant and people are hopeful.,1325,664
2024-03-29,Modi delivered an inspiring speech about India's growth and unity.,2684,602
2024-03-14,Modi met with industry leaders to discuss growth.,2345,975
2024-03-15,Modi attended a public event today in Delhi.,1526,88
2024-03-07,Opposition questions Modi’s silence on key social matters.,713,695
2024-03-31,Modi delivered an inspiring speech about India's growth and unity.,2958,272
2024-03-23,Modi met with industry leaders to discuss growth.,4864,138
2024-03-09,Modi talks about making India self-reliant and people are hopeful.,781,691
2024-03-22,Discussions about Modi continue across the nation.,3599,853
2024-03-28,Opposition questions Modi’s silence on key social matters.,1494,527
2024-03-24,Modi delivered an inspiring speech about India's growth and unity.,321,478
2024-03-25,Discussions about Modi continue across the nation.,4611,18
2024-03-23,Media covered Modi’s new policy announcement.,2038,71
2024-03-18,People believe Modi is transforming India’s global image.,1430,325
2024-03-31,Social media debates continue over Modi’s strategies.,498,833
2024-03-10,Discussions about Modi continue across the nation.,2429,71
2024-03-25,People believe Modi is transforming India’s global image.,3240,439
2024-03-11,Modi’s rally drew massive crowds showing huge support.,967,212
2024-03-12,Modi attended a public event today in Delhi.,3371,530
2024-03-04,Citizens praise Modi for strong leadership and vision.,4029,439
2024-03-07,Modi’s rally drew massive crowds showing huge support.,542,986
2024-03-29,Modi attended a public event today in Delhi.,1368,17
2024-03-19,Modi talks about making India self-reliant and people are hopeful.,2570,300
2024-03-26,Modi faces backlash over recent economic policies.,875,678
2024-03-10,Modi faces backlash over recent economic policies.,1351,741
2024-03-07,Social media debates continue over Modi’s strategies.,2536,951
2024-03-17,Modi’s rally drew massive crowds showing huge support.,4336,233
2024-03-06,Citizens praise Modi for strong leadership and vision.,2829,499
2024-03-17,Citizens praise Modi for strong leadership and vision.,2378,357
2024-03-01,Citizens praise Modi for strong leadership and vision.,4496,104
2024-03-24,Citizens praise Modi for strong leadership and vision.,2542,480
2024-03-07,Modi talks about making India self-reliant and people are hopeful.,4965,821
2024-03-31,Modi criticized for slow progress in rural development.,484,535
2024-03-17,Opposition questions Modi’s silence on key social matters.,2013,598
2024-03-21,Discussions about Modi continue across the nation.,2363,97
2024-03-26,Opposition questions Modi’s silence on key social matters.,891,830
2024-03-02,Critics say Modi is not addressing unemployment issues properly.,844,758
2024-03-22,Citizens praise Modi for strong leadership and vision.,352,778
2024-03-24,Modi delivered an inspiring speech about India's growth and unity.,4428,207
2024-03-26,Discussions about Modi continue across the nation.,3602,692
2024-03-31,Modi’s rally drew massive crowds showing huge support.,2388,959
2024-03-17,Modi attended a public event today in Delhi.,2050,28
2024-03-19,Citizens praise Modi for strong leadership and vision.,4888,600
2024-03-18,Opposition questions Modi’s silence on key social matters.,2188,150
2024-03-24,Discussions about Modi continue across the nation.,219,525
2024-03-22,Modi faces backlash over recent economic policies.,687,884
2024-03-21,Critics say Modi is not addressing unemployment issues properly.,2499,421
2024-03-04,Modi delivered an inspiring speech about India's growth and unity.,4267,917
2024-03-30,Citizens praise Modi for strong leadership and vision.,4497,16
2024-03-17,Opposition questions Modi’s silence on key social matters.,2092,98
2024-03-10,Modi faces backlash over recent economic policies.,684,600
2024-03-25,Modi talks about making India self-reliant and people are hopeful.,2510,676
2024-03-20,Social media debates continue over Modi’s strategies.,1628,492
2024-03-07,Critics say Modi is not addressing unemployment issues properly.,3212,716
2024-03-01,Modi attended a public event today in Delhi.,4640,5
2024-03-31,Modi criticized for slow progress in rural development.,4370,958
2024-03-17,Modi delivered an inspiring speech about India's growth and unity.,1075,982
2024-03-22,Opposition questions Modi’s silence on key social matters.,1661,818
2024-03-19,Modi attended a public event today in Delhi.,122,334
2024-03-17,Modi delivered an inspiring speech about India's growth and unity.,2975,830
2024-03-20,Modi faces backlash over recent economic policies.,2810,285
2024-03-21,Modi’s rally drew massive crowds showing huge support.,2435,416
2024-03-12,Modi’s rally drew massive crowds showing huge support.,149,356
2024-03-25,Protests continue as people demand changes from Modi.,2776,161
2024-03-03,Social media debates continue over Modi’s strategies.,4432,4
2024-03-15,Opposition questions Modi’s silence on key social matters.,4289,855
2024-03-27,Modi delivered an inspiring speech about India's growth and unity.,4487,59
2024-03-22,Social media debates continue over Modi’s strategies.,4227,46
